peptide,n_total,n_pos,n_neg,nettcr_auc,nettcr_ap,nettcr_pos_mean,nettcr_neg_mean,nettcr_separation,ergo_auc,ergo_ap,ergo_pos_mean,ergo_neg_mean,ergo_separation
RMFPNAPYL,417,21,396,0.9638047138047139,0.5179851495365464,0.3828431481406802,0.06396016315557063,0.3188829849851096,0.5854978354978355,0.09085511955856941,0.10837211623350283,0.06281145321474707,0.04556066301875576
KTWGQYWQV,471,20,451,0.9583148558758315,0.3327400220785086,0.419665265083313,0.06148625632743878,0.3581790087558742,0.3944567627494457,0.03458605527529725,0.1567412608768791,0.22990678557767294,-0.07316552470079385
IMDQVPFSV,312,62,250,0.9533548387096774,0.7746384999620873,0.39985444613041415,0.12794639963284135,0.27190804649757283,0.5843870967741936,0.24789436752735677,0.18156237838575767,0.14520734265079005,0.03635503573496762
FLYALALLL,301,51,250,0.9367058823529412,0.6838717082435668,0.30878688570331125,0.14935631424188614,0.1594305714614251,0.8150588235294117,0.478650637795227,0.16474773598362363,0.05521046442706614,0.10953727155655749
SLLMWITQA,90,30,60,0.9272222222222223,0.8489750735990723,0.7212744613488515,0.2398850544045369,0.48138940694431465,0.21777777777777776,0.22415395582129494,0.04877286956901419,0.15437328402467757,-0.10560041445566337
SLFNTVATL,286,26,260,0.920414201183432,0.489027351603571,0.38699394636429274,0.0865755778665726,0.30041836849772013,0.4331360946745562,0.08583931057796607,0.20596328331157565,0.24423510009465435,-0.0382718167830787
RTLNAWVKV,310,60,250,0.9064666666666666,0.5733524167887298,0.360463447868824,0.07594120153039693,0.28452224633842704,0.46940000000000004,0.18994419825399772,0.12620376639291256,0.14088455390400487,-0.014680787511092308
NYNYLYRLF,155,52,103,0.9002987303958178,0.8721484944598552,0.38883008836553645,0.25816271504730853,0.13066737331822792,0.6713965646004482,0.47936408194833724,0.2596083734757625,0.18046643304833462,0.07914194042742786
GLCTLVAML,500,250,250,0.872304,0.892719440645281,0.6116560875177384,0.22912609067559242,0.38252999684214595,0.582832,0.6432886571332894,0.24387965027067532,0.0996470231534322,0.1442326271172431
YVLDHLIVV,500,250,250,0.86656,0.8662411152372603,0.6258813070356846,0.273369906000793,0.3525114010348916,0.462464,0.48146103176259253,0.13993835614094463,0.15813169842245645,-0.018193342281511815
EAAGIGILTV,499,249,250,0.8422971887550201,0.8679084110537225,0.5699753060518019,0.2076956361979246,0.3622796698538773,0.7440803212851406,0.7381634389555277,0.26962569856696467,0.09660967043813798,0.1730160281288267
LLSAGIFGA,81,27,54,0.8278463648834018,0.7154339882088432,0.4010374457747848,0.2801624092238921,0.12087503655089271,0.5891632373113854,0.38256047703439877,0.1298577614674017,0.11443925959796346,0.01541850186943823
QIKVRVKMV,177,59,118,0.7979029014650962,0.7457923163232335,0.49583775486986514,0.2776768149776479,0.21816093989221724,0.649813272048262,0.5309390482877121,0.1718416516156078,0.09988990140508407,0.07195175021052373
RYPLTFGWCF,108,36,72,0.7955246913580246,0.6788632362390854,0.5118097758127583,0.22044841065588924,0.29136136515686906,0.6358024691358025,0.465032128486956,0.17016976562768427,0.11116157440690408,0.05900819122078019
MLGEQLFPL,72,24,48,0.7934027777777778,0.643901565014228,0.41309708667298156,0.2347935528960079,0.17830353377697367,0.3758680555555556,0.28839823816219834,0.0720761717335942,0.10341869047098366,-0.03134251873738947
IILVAVPHV,72,24,48,0.7795138888888888,0.6358970744355885,0.4542720941826701,0.21843167091719806,0.23584042326547205,0.5199652777777778,0.37678124642511757,0.13822453446725072,0.12690847988293777,0.011316054584312951
ALLADKFPV,63,21,42,0.7709750566893424,0.5665125308087493,0.38225960163843065,0.28586056863977793,0.09639903299865271,0.3832199546485261,0.32811493591296675,0.10268206083925352,0.14225946683672236,-0.03957740599746884
KLSALGINAV,147,49,98,0.7682215743440234,0.6952826563779494,0.49805817798692353,0.22931178834061233,0.2687463896463112,0.5839233652644732,0.4511168621940864,0.13706545631129655,0.09072789973019868,0.046337556581097866
KLMNIQQKL,141,47,94,0.7657311000452693,0.6428485041864629,0.4476475303477429,0.2895877314533325,0.1580597988944104,0.44363965595291993,0.30355958427087393,0.09647589809003662,0.12073253959392694,-0.024256641503890314
KLWASPLHV,77,26,51,0.7616892911010559,0.6261968748684827,0.4155142204119609,0.3307823397438316,0.08473188066812931,0.8227752639517346,0.7826224965813752,0.4400838788491316,0.1564161427349304,0.28366773611420115
RLRPGGKKR,66,22,44,0.759297520661157,0.6185510302871766,0.40766535292972217,0.2838158661668951,0.12384948676282709,0.5475206611570248,0.3432524288137403,0.1033795411190526,0.13661740899293695,-0.033237867873884344
ELRRKMMYM,72,24,48,0.7578125,0.654800328832743,0.4547974107166131,0.27472465322352946,0.18007275749308366,0.5911458333333333,0.4694632525641479,0.18621451376626888,0.13163180559912746,0.05458270816714142
RPRGEVRFL,387,129,258,0.7555735833183101,0.6808595371060635,0.47128205145745317,0.16588672715448594,0.30539532430296723,0.724085091040202,0.5907320692897704,0.32349937291213043,0.15838101624324713,0.1651183566688833
FLYNLLTRV,424,142,282,0.752197582659075,0.6153278898204336,0.4490271772612149,0.28854075816611874,0.16048641909509614,0.527544700829088,0.33691162032810396,0.20030194933814796,0.1952982142443711,0.0050037350937768565
ARMILMTHF,299,100,199,0.7501507537688442,0.6352381932188149,0.4673064003139734,0.29680822542564356,0.17049817488832986,0.5977889447236181,0.44167853973748883,0.19772899866107763,0.1273150165689113,0.07041398209216632
NLWNTFTRL,81,27,54,0.7407407407407407,0.5169455182606896,0.4230868871565218,0.3131193949289068,0.10996749222761504,0.5294924554183813,0.4103513415510637,0.13057579083963194,0.10894118413507722,0.02163460670455472
YSEHPTFTSQY,482,161,321,0.7402720535593351,0.6922978146333133,0.4532712827095334,0.25582998742659885,0.19744129528293453,0.5563166347400399,0.37461569602611544,0.17114884807924907,0.15090461743104266,0.020244230648206407
MPASWVMRI,500,250,250,0.73576,0.7299721350840525,0.4046500475406647,0.3187569645820186,0.08589308295864612,0.5213760000000001,0.5021677379449986,0.15092281553554462,0.14895236458018554,0.001970450955359082
IPYNSVTSSI,60,20,40,0.7324999999999999,0.5143182206974397,0.44382068812847136,0.31970375321106986,0.1241169349174015,0.5249999999999999,0.42517450414812347,0.13634594823233784,0.10979923141567269,0.02654671681666515
QYDPVAALF,315,105,210,0.7293877551020408,0.5691422293215771,0.5170193822610946,0.2842097664340621,0.23280961582703247,0.44789115646258504,0.3176209514202637,0.13576217849317584,0.15580709472661033,-0.02004491623343449
RLRPGGKKK,99,33,66,0.7268135904499541,0.5664395057854107,0.4284282046737093,0.3395494065374475,0.08887879813626182,0.3112947658402203,0.2510036855765496,0.05292752159132788,0.14137208846240715,-0.08844456687107927
LLFNKVTLA,134,45,89,0.7253433208489388,0.5416961330842539,0.40826776888635424,0.3030021862608245,0.10526558262552976,0.537578027465668,0.4094145997916411,0.18417844736120767,0.1677812196444533,0.016397227716754365
NLNCCSVPV,216,72,144,0.7229938271604938,0.587993584077319,0.35563820000323987,0.27372489442738396,0.08191330557585591,0.5777391975308642,0.4253409038215411,0.20265513287288034,0.1609820159313118,0.04167311694156853
FLNGSCGSV,500,250,250,0.720736,0.6604780856598931,0.4105656430721283,0.291064490551129,0.1195011525209993,0.5463520000000001,0.5233292660885546,0.18039459206489847,0.1651250209944701,0.015269571070428367
LPPIVAKEI,255,85,170,0.7145328719723183,0.5662887168208939,0.4280819453737315,0.29110466704210813,0.13697727833162338,0.6602768166089965,0.48001537372761777,0.24828454816220877,0.13109948735746754,0.11718506080474123
ISDYDYYRY,126,42,84,0.713718820861678,0.47734066087977944,0.41026268367256435,0.31015995235758875,0.1001027313149756,0.5629251700680272,0.4096534960481548,0.1912583160737995,0.16149494433301742,0.029763371740782085
LLWNGPMAV,500,250,250,0.7128319999999999,0.6832375182114859,0.3959263438284397,0.31599966730177403,0.07992667652666569,0.627392,0.6337042960959464,0.18498038924581486,0.11988998719751907,0.06509040204829579
RLFRKSNLK,63,21,42,0.7120181405895691,0.47311166861927884,0.4024355439912705,0.3290973881348258,0.07333815585644471,0.5374149659863946,0.39629997353209645,0.15322313506233817,0.1335326994393697,0.01969043562296846
AMFWSVPTV,432,182,250,0.7088351648351648,0.6627864175074106,0.4559651826109205,0.3023758780807257,0.15358930453019481,0.4387912087912088,0.3836858620905893,0.10998912643825971,0.1339477820540517,-0.023958655615791982
SEPVLKGVKL,264,88,176,0.7076769111570248,0.5412904544659866,0.43095144748010417,0.35959416268319316,0.071357284796911,0.4847623966942149,0.3062238940408952,0.1088273803520265,0.1554425728951504,-0.04661519254312389
QLMCQPILLL,500,250,250,0.702464,0.6662059293063185,0.37344550305604934,0.28137485394626854,0.0920706491097808,0.53072,0.5139720026023161,0.1126222540844683,0.10873188724952433,0.0038903668349439674
YLNTLTLAV,500,250,250,0.7017599999999999,0.6522494955904817,0.4358533892631531,0.34222572449222205,0.09362766477093104,0.5001439999999999,0.5007299661313768,0.14383393926722055,0.14586148118929124,-0.0020275419220706914
NLNESLIDL,434,145,289,0.7015630593007993,0.5284497235780671,0.4125762140956418,0.3180113942056224,0.09456481989001941,0.5245436105476673,0.38516587943772407,0.17696075019892557,0.16328785931937248,0.01367289087955309
CLNEYHLFL,60,20,40,0.7012499999999999,0.5755721246172374,0.4213779430836439,0.28482217965647577,0.13655576342716813,0.515,0.39300310029899865,0.17234999172069365,0.15407420195974736,0.018275789760946293
YLEPGPVTV,110,36,74,0.7012012012012012,0.4596219945117107,0.396535225212574,0.3275822590835191,0.06895296612905488,0.5840840840840841,0.43854716400909477,0.20272564256123993,0.15948985466683233,0.0432357878944076
TTLPVNVAF,104,35,69,0.7002070393374741,0.4842463516597488,0.397788405418396,0.31550557041486754,0.08228283500352845,0.4658385093167702,0.3381944753229264,0.12560391217204078,0.15507493339459144,-0.02947102122255066
FLLNKEMYL,96,32,64,0.69677734375,0.48881032757030507,0.4174779746681452,0.3152132618779433,0.10226471279020188,0.68408203125,0.46784663938345405,0.18798576170229353,0.1298209740485845,0.05816478765370903
ILHCANFNV,449,199,250,0.6935276381909546,0.578579406087472,0.4170944932567414,0.3092548331450671,0.10783966011167434,0.46683417085427137,0.4188629467692133,0.12925435961023227,0.14914283697926248,-0.01988847736903021
MLNIPSINV,276,92,184,0.6933482986767485,0.461115506637915,0.4359724166924539,0.33567206998122856,0.10030034671122534,0.5687618147448016,0.3728909733913082,0.15744078506316367,0.1350248191522595,0.022415965910904168
FLNRFTTTL,347,116,231,0.6914464845499327,0.45934959438174194,0.4106972861135828,0.30710868758665505,0.10358859852692776,0.5635169428272876,0.3743503556824268,0.16271054194411871,0.13924266286829318,0.023467879075825537
KLVALGINAV,306,102,204,0.6913206459054211,0.49308515121545027,0.3746039557690714,0.3056216624693251,0.06898229329974631,0.548683198769704,0.3640399286476038,0.13275920068054783,0.11883984826048992,0.013919352420057915
SLVKPSFYV,168,56,112,0.6903698979591837,0.4831549249695003,0.3989708029798099,0.30062630191761336,0.09834450106219655,0.5907206632653061,0.4019128968035693,0.13586712665606424,0.10730350525860947,0.02856362139745476
ILTGLNYEV,126,42,84,0.689625850340136,0.5536187029934744,0.4402234923271906,0.3698055886308707,0.0704179036963199,0.6071428571428571,0.4279573353800742,0.17963514426013544,0.1408171959466407,0.03881794831349475
KLPDDFTGCV,500,250,250,0.68864,0.6621977211527745,0.40211170890927317,0.3087985117677599,0.09331319714151326,0.46507200000000004,0.46685805238852707,0.11663471825602756,0.1420318313258515,-0.02539711306982395
LVLSVNPYV,162,54,108,0.6870713305898491,0.46232836847197356,0.41985031300120884,0.2952468958683312,0.12460341713287765,0.5907064471879286,0.45918126939161247,0.13810625683874134,0.10172171653754992,0.03638454030119141
SEETGTLIV,120,40,80,0.685625,0.4837882571064498,0.39326069690287113,0.3042852498940192,0.0889754470088519,0.455,0.32574910933021384,0.09905098866656772,0.11265787087595527,-0.01360688220938755
MVMCGGSLYV,500,250,250,0.6846559999999999,0.6524758024129618,0.3894864389896393,0.30428732534125447,0.08519911364838484,0.6029440000000001,0.599289183399998,0.14335651214164682,0.09502224376028971,0.04833426838135711
VLWAHGFEL,500,250,250,0.68224,0.6622536128058985,0.32272058075666427,0.24927946458756925,0.07344111616909502,0.487152,0.49030818833618867,0.0920099232027569,0.09881509395758258,-0.0068051707548256735
ATVVIGTSK,72,24,48,0.6814236111111112,0.5406527656484739,0.4114588585992654,0.3560295656012992,0.05542929299796617,0.5269097222222222,0.3588787071038155,0.12819238051694506,0.12268632669535388,0.005506053821591181
KAFSPEVIPMF,500,250,250,0.681376,0.6673775854548756,0.41675663405656815,0.28427634947001934,0.1324802845865488,0.7387999999999999,0.7137459055356367,0.2912931037142407,0.12651924122609734,0.16477386248814338
ELAGIGILTV,500,250,250,0.67896,0.7238470764569748,0.4330930488705635,0.27425271455943584,0.15884033431112765,0.572672,0.6029816186447223,0.19916761370445601,0.12355270667410514,0.07561490703035087
VSFIEFVGW,75,25,50,0.6784,0.43370789985621916,0.4135678207874298,0.3200789918936789,0.09348882889375093,0.5128,0.3686630864572928,0.18330330111086368,0.18160533810756058,0.0016979630033031046
MMISAGFSL,93,31,62,0.6779396462018731,0.5105182532483603,0.41603226238681423,0.3375266611260632,0.07850560126075101,0.5473465140478668,0.3458369383267281,0.11550243306274136,0.12297604075208637,-0.007473607689345019
SFHSLHLLF,436,186,250,0.675763440860215,0.5743097480548524,0.4120699353516102,0.3238438557498157,0.08822607960179446,0.49415053763440864,0.41386076075543987,0.14566172012040313,0.15414164000986785,-0.008479919889464727
GTSGSPIVNR,426,176,250,0.6728863636363636,0.5562369384703991,0.3729704867371104,0.3128586670011282,0.06011181973598223,0.5713636363636363,0.45557865826977173,0.15472033820461722,0.12676458498094292,0.0279557532236743
EPLPQGQLTAY,165,55,110,0.6720661157024794,0.550226503409434,0.39007772288539194,0.29470000619238074,0.0953777166930112,0.5084297520661156,0.3436709117505181,0.14833304498725655,0.14725548457390686,0.001077560413349693
GTHWFVTQR,309,103,206,0.6719294938259968,0.4330279191327706,0.39029004866058387,0.30471572266367164,0.08557432599691223,0.535771514751626,0.36737413204833075,0.12580741023152017,0.1151929880077271,0.010614422223793066
YHLMSFPQSA,192,64,128,0.6708984375,0.4623671321884862,0.40089544584043324,0.30963925886317156,0.09125618697726168,0.4306640625,0.2800827062493316,0.08821920711670828,0.12728449246620066,-0.039065285349492385
TPQDLNTML,387,129,258,0.6706027282014302,0.45832414644404434,0.3886126918617145,0.3237244931244573,0.06488819873725721,0.6405564569436932,0.5153658281974483,0.2355778020456462,0.13157130919891868,0.10400649284672753
KLWAQCVQL,500,250,250,0.6688799999999999,0.6288755827648903,0.4117284651696682,0.31821183594036845,0.09351662922929976,0.477568,0.46923761628275173,0.13033296229375993,0.146689041471207,-0.01635607917744708
FPQSAPHGVVF,390,130,260,0.6684911242603551,0.47293073742101993,0.4032331582445365,0.31086024946461505,0.09237290877992144,0.5033136094674556,0.3287121290692503,0.15308079106706338,0.15961390109381104,-0.006533110026747668
PQPQLPYPQPQ,69,23,46,0.668241965973535,0.5529544484109419,0.3553888995362365,0.2378345416939777,0.11755435784225879,0.5964083175803402,0.47622129140610914,0.2134151222610102,0.13581661067260226,0.07759851158840794
SVLNDILSRL,123,41,82,0.6674598453301606,0.47353271184411033,0.39500192570977094,0.3595531698225475,0.03544875588722346,0.40719809637120763,0.29627157884667854,0.09526228928912243,0.13059560234162235,-0.03533331305249991
HSKKKCDEL,138,46,92,0.6665879017013233,0.5596505360100097,0.39876451375691785,0.283788226828303,0.11497628692861483,0.7625236294896031,0.6176371718051992,0.286472807618101,0.09286363681704919,0.19360917080105183
PQPELPYPQPE,135,45,90,0.6659259259259259,0.47861836398759827,0.3470502491626475,0.2477099648780293,0.09934028428461819,0.5893827160493827,0.4150407066363055,0.23727150252088905,0.18458636957816452,0.05268513294272453
TLVPQEHYV,492,164,328,0.6653219809637121,0.4641282947598827,0.4011891846794908,0.30987747604447624,0.09131170863501453,0.48899464604402143,0.3192069950728019,0.10928048583206497,0.11897410705029188,-0.009693621218226908
NYNYLYRLFRK,120,40,80,0.6649999999999999,0.6016110940575176,0.33282099533826115,0.2953435381874442,0.03747745715081696,0.6509375,0.4670525775226757,0.2577117474953411,0.1785003413868253,0.07921140610851579
FPPTSFGPL,500,250,250,0.66384,0.5970947331769272,0.40020927822589875,0.3149785430021584,0.08523073522374036,0.549104,0.5515507128520305,0.13323468304496144,0.11122537022023357,0.022009312824727872
PQPELPYPQPQ,201,67,134,0.6628425038984185,0.5155863202209238,0.3261673784078057,0.22638453621028073,0.09978284219752495,0.6504789485408777,0.4415857852911282,0.22835997463318644,0.15382511585484104,0.0745348587783454
KLGGALQAK,500,250,250,0.6619839999999999,0.6205080976629254,0.6343263394832611,0.507446498580277,0.1268798409029841,0.540768,0.5309260353059728,0.15283579511137213,0.13751427577704817,0.015321519334323963
HLVDFQVTI,254,85,169,0.6609119387399931,0.48905421058563564,0.4027668023810667,0.3171207093738416,0.08564609300722509,0.5181343543334493,0.34394198440747203,0.12025505849798238,0.1172684644013192,0.0029865940966631727
VTEHDTLLY,500,250,250,0.6608480000000001,0.6204249332889293,0.40473159405589104,0.3202835348546505,0.08444805920124054,0.614944,0.6004286544362012,0.19212742084782802,0.12896924859716638,0.06315817225066164
RPHERNGFTVL,458,208,250,0.659826923076923,0.5292925770416943,0.36228874916783893,0.29243665807321667,0.06985209109462226,0.6381153846153846,0.6335206449773174,0.1933857733491515,0.12632094736501337,0.06706482598413813
LLMPILTLT,159,53,106,0.6594873620505518,0.45422009815012404,0.413622776854713,0.3223184458735698,0.09130433098114321,0.5345318618725525,0.38507301558938456,0.14727647708100705,0.13081564343032506,0.01646083365068199
TPRVTGGGAM,500,250,250,0.6587999999999999,0.6096855965764235,0.39882300302386287,0.3245932103842497,0.07422979263961316,0.48958399999999996,0.5057082456337476,0.15889993622055043,0.15878466170353203,0.00011527451701839886
VLAWLYAAV,389,130,259,0.6578556578556578,0.45089594044436965,0.41118231908633157,0.3216199589377219,0.08956236014860969,0.5629046629046629,0.3775901030350578,0.11803102402661282,0.10151188775253596,0.016519136274076862
VYFLQSINF,81,27,54,0.657750342935528,0.5367842672227415,0.440669725338618,0.3976717031802292,0.04299802215838877,0.5308641975308642,0.4395439776386668,0.1649376066052355,0.13335081114340563,0.03158679546182985
PTDNYITTY,63,21,42,0.6575963718820862,0.5125673157740442,0.4163218168985276,0.366223318635353,0.050098498263174585,0.6031746031746033,0.39779945741140066,0.11250562444772749,0.11660830504150085,-0.004102680593773361
GTSGSPIINR,423,173,250,0.6570404624277457,0.5347401327387277,0.3605029918038087,0.303499419875443,0.05700357192836569,0.5363468208092486,0.4384454769754248,0.14114805431690103,0.1208054628945662,0.020342591422334827
ILGLPTQTV,486,236,250,0.6559237288135592,0.6021651593572127,0.41927615597339,0.32470657050888985,0.09456958546450017,0.5412881355932203,0.5205159006231482,0.1837324441040144,0.16526625636624523,0.018466187737769174
FRCPRRFCF,500,250,250,0.654688,0.5970626928438688,0.3858573068678379,0.30535809346474707,0.08049921340309085,0.7143840000000001,0.7236259437720161,0.20752051671451044,0.07503385452730095,0.1324866621872095
ISPRTLNAW,195,65,130,0.6537278106508876,0.4295825865117091,0.34519162934560044,0.2914356256548602,0.05375600369074024,0.4546745562130178,0.29300217137365453,0.08891462646021794,0.11767729336965763,-0.028762666909439683
LLLGIGILV,482,232,250,0.6536551724137932,0.5985425680932893,0.39223087434496345,0.31351711802184584,0.07871375632311761,0.5290344827586207,0.5167086364568666,0.1463971020940366,0.13066090484990855,0.01573619724412806
CMTSCCSCLK,383,128,255,0.653094362745098,0.4300325836985879,0.3881154233822599,0.3056583963608479,0.082457027021412,0.5553002450980392,0.41005611122499214,0.1497487058430238,0.11556059841077156,0.03418810743225224
RLQSLQTYV,251,84,167,0.6526233247790134,0.46462482885159484,0.40231324202336727,0.33775160219631867,0.0645616398270486,0.5004277159965782,0.3291521755361507,0.14300973735936123,0.15609401608466333,-0.013084278725302101
ALSKGVHFV,420,170,250,0.6524941176470589,0.5099373495837746,0.4238217459882007,0.33466043734550477,0.08916130864269595,0.5326823529411764,0.42723956442117306,0.17178594758184665,0.1625788572568018,0.009207090325044853
NLSALGIFST,335,112,223,0.6523062139654068,0.4601972276129339,0.4166355932663594,0.31937300263290114,0.09726259063345827,0.520900064061499,0.35306485014961675,0.12401015098969635,0.11990941136968096,0.004100739620015392
HPKVSSEVHI,219,73,146,0.6510602364421092,0.4441778479647575,0.4048582847191863,0.3303985321154333,0.07445975260375298,0.6606305122912367,0.4612448561455027,0.24051863334160808,0.15079138760850969,0.0897272457330984
QASQEVKNW,96,32,64,0.64892578125,0.4727638827914996,0.391666027251631,0.30252271755307447,0.08914330969855655,0.52978515625,0.3848214282586174,0.2221937721331082,0.1949919724991842,0.027201799633923995
QQQQGQTVTK,114,38,76,0.6488919667590027,0.40638600576430817,0.4096452852613048,0.3058527975563744,0.10379248770493038,0.46052631578947373,0.32427151071807175,0.14509008609447369,0.1608317970115087,-0.015741710917035023
YEGNSPFHPL,191,64,127,0.6484990157480315,0.40236396564181837,0.42677998065482825,0.341446417955843,0.08533356269898523,0.5492125984251968,0.37680701334485245,0.19173246261698296,0.17313169414502033,0.018600768471962625
FLPRVFSAV,500,250,250,0.6479199999999999,0.6137731766550589,0.41253241029381754,0.3310247752703726,0.08150763502344494,0.511744,0.49322401284139455,0.14225010640383698,0.1469797615974403,-0.004729655193603327
YILKYSVFL,63,21,42,0.6473922902494331,0.42876139285602266,0.37531578966549467,0.2641127176826731,0.11120307198282159,0.4467120181405896,0.32463482587653314,0.17185144623120627,0.18965811923001075,-0.01780667299880448
VVLSWAPPV,143,48,95,0.6471491228070174,0.49260772442238354,0.3750053060551484,0.3293017567772614,0.045703549277887,0.5905701754385965,0.4157605854988257,0.1753011524269823,0.14114747887207685,0.03415367355490545
RILGAGCFV,66,22,44,0.6425619834710743,0.4366057897522677,0.4018017893487757,0.32164664420468564,0.08015514514409006,0.49793388429752067,0.364161962311035,0.21620292092715812,0.21127868056630011,0.0049242403608580065
IMLIIFWFSL,500,250,250,0.641904,0.6058895415215567,0.38518398585915564,0.3152573384009302,0.06992664745822547,0.505984,0.5071478435329032,0.13167619937413838,0.13002687765155133,0.001649321722587055
LLQYGSFCT,132,44,88,0.6415289256198347,0.42791411709491545,0.41456865112889896,0.32426295743789524,0.09030569369100372,0.5041322314049587,0.35998469763771407,0.1929679180188528,0.19172663847927074,0.0012412795395820575
TLIGDCATV,500,250,250,0.637264,0.5554484762655123,0.3979847788214684,0.3118611132884398,0.08612366553302858,0.576432,0.5841552443356957,0.14890102103881417,0.11048653593678683,0.03841448510202734
VYGIRLEHF,222,74,148,0.6325785244704164,0.4828111491990304,0.4081328504693669,0.3232304479838726,0.0849024024854943,0.4117969320672023,0.2866349923914059,0.0720808353310923,0.11239231459617761,-0.04031147926508531
ILTGLNYEA,99,33,66,0.6308539944903582,0.5053280017567885,0.4091605173818993,0.35359592741411744,0.05556458996778185,0.6891643709825528,0.5421049761133946,0.20036365022657043,0.12404976363706571,0.07631388658950472
IPRRNVATL,156,52,104,0.63073224852071,0.3890713582066196,0.4015633945281689,0.32291096966498745,0.07865242486318147,0.4376849112426036,0.3117134110264239,0.10167703134580873,0.12088416870616268,-0.019207137360353954
FIAGLIAIV,454,204,250,0.6298137254901961,0.551398182041816,0.3807357378011825,0.31948613410815596,0.061249603693026566,0.4515098039215686,0.41208259448255735,0.1577024575167967,0.18946373149892315,-0.03176127398212644
SEHDYQIGGYTEKW,500,250,250,0.628784,0.6324993473143196,0.3305611915886402,0.29779621678590773,0.032764974802732494,0.417184,0.44825498903871214,0.15927845736951712,0.19965556372664287,-0.04037710635712574
FLRGRAYGL,417,167,250,0.6262754491017963,0.5571581519519806,0.3626610325749763,0.2942288053184748,0.0684322272565015,0.5081197604790418,0.45285355240420083,0.12168759300032266,0.10497341388731729,0.016714179113005365
ILKEPVHGV,60,20,40,0.625,0.4208765185367483,0.42159977853298186,0.3824107958935201,0.039188982639461745,0.4475,0.35776856970946525,0.1555617562495172,0.17054657380795107,-0.014984817558433866
DATYQRTRALVR,357,119,238,0.6247087070122167,0.4060993373343859,0.3808250234407537,0.3263213857411634,0.054503637699590324,0.49717534072452507,0.3534454233026937,0.1210049667701048,0.11780788640406466,0.0031970803660401476
CRVLCCYVL,500,250,250,0.624128,0.5757110776226976,0.36852434766292574,0.30944600902684033,0.059078338636085415,0.6442720000000001,0.634291782305063,0.1906679342642892,0.11984838876483263,0.07081954549945658
GVAMPNLYK,126,42,84,0.6238662131519275,0.40866798590377734,0.4486866472732453,0.35343553195153143,0.09525111532171388,0.4606009070294785,0.36564858913764475,0.137715235341429,0.14764218464378723,-0.00992694930235824
RLDKVEAEV,90,30,60,0.6227777777777778,0.4639909816608646,0.38188658555348715,0.3254085935341815,0.056477992019305645,0.5338888888888889,0.45473135374079726,0.16693821033113637,0.11873645287390294,0.04820175745723343
YIFFASFYY,500,250,250,0.62136,0.5551583314757222,0.35796275806427,0.2882097587268799,0.0697529993373901,0.538272,0.5399911165318864,0.14204019369227172,0.12241168795002653,0.019628505742245186
GLNKIVRMY,90,30,60,0.62,0.45323330733363754,0.3842226544084648,0.3062870102856929,0.07793564412277193,0.5838888888888889,0.3854867725007242,0.15821779798716307,0.13575950236854623,0.02245829561861684
KTAYSHLSTSK,500,250,250,0.6196479999999999,0.5920856680299434,0.38834613204002383,0.328478701563552,0.059867430476471806,0.4676,0.4673411218983211,0.0769030406530772,0.10633511037419055,-0.029432069721113355
ATDALMTGY,468,218,250,0.6195412844036696,0.6225199383130913,0.42381339985022853,0.35005293644964697,0.07376046340058157,0.621651376146789,0.6215054610721851,0.18031926172341278,0.0818079041796922,0.09851135754372058
FTSDYYQLY,114,38,76,0.618421052631579,0.48467437872704844,0.4099766306186977,0.3571066443048614,0.052869986313836326,0.6042243767313019,0.43630417862418736,0.18576784482463518,0.1419914967784136,0.043776348046221575
GTSGSPIIDK,192,64,128,0.6153564453125,0.39225198767563574,0.3670992550905794,0.3306001141027082,0.036499140987871215,0.5748291015625,0.37512035847184155,0.14630335012219575,0.12190986415446425,0.0243934859677315
FPRPWLHGL,333,111,222,0.6152503855206559,0.43304042938747045,0.4018257048215952,0.3461999425345713,0.05562576228702387,0.7620323025728432,0.6583996890595036,0.3688809643961019,0.14174394871053145,0.22713701568557046
YLDAYNMMI,471,221,250,0.6131221719457013,0.5248894795983223,0.39393410693466396,0.33137769989483057,0.0625564070398334,0.5167420814479639,0.4841854794085405,0.15115223588489263,0.1448621767517843,0.006290059133108317
LVVDFSQFSR,500,250,250,0.6130720000000001,0.594666747777454,0.3780199248827994,0.3103406950291246,0.0676792298536748,0.46340800000000004,0.46652360564305406,0.12038669707154145,0.14853039583405916,-0.02814369876251771
EIYKRWII,430,180,250,0.6130444444444443,0.4918884322126187,0.3735608945497208,0.311991206375882,0.06156968817383879,0.5568666666666667,0.45758344691781827,0.18915533684473,0.16347972564848753,0.025675611196242454
HPVGEADYFEY,157,52,105,0.6115384615384616,0.46254447694109235,0.3142419825666226,0.2387752527637141,0.0754667298029085,0.49230769230769234,0.30489569455324167,0.13315274490126355,0.16085915627551176,-0.027706411374248202
SLYNTVATL,183,61,122,0.6091104541789841,0.40825106027976465,0.36418530406033406,0.31557654589414597,0.04860875816618809,0.4377855415210964,0.30857777781721074,0.0647364144443268,0.10173308476811092,-0.03699667032378412
QIKVRVDMV,75,25,50,0.608,0.5725286346411043,0.3960521751642227,0.2844600286334753,0.1115921465307474,0.6696,0.450794471351912,0.1581267950311303,0.10993376830330817,0.048193026727822136
TSDLATNNLVVMAY,72,24,48,0.607638888888889,0.5032473617840811,0.4866134064892928,0.46514955690751475,0.02146384958177805,0.4288194444444444,0.3165644690996781,0.05521254347619712,0.06391337093753774,-0.00870082746134062
KMVAVFYTT,152,51,101,0.6068724519510774,0.4143787281216935,0.39944334182084773,0.3555033064198376,0.04394003540101016,0.6798679867986799,0.5878219139788367,0.28396880799931856,0.14372449977286528,0.14024430822645328
LPRRSGAAGA,500,250,250,0.606864,0.5837999930654181,0.23317071537673473,0.2006144778896123,0.032556237487122414,0.624144,0.6225464836949286,0.24672862186195563,0.1453470600501405,0.10138156181181512
KLSYGIATV,500,250,250,0.605376,0.5488770301496197,0.30357100945711135,0.26534512823820117,0.038225881218910185,0.495152,0.5115333246016947,0.16851030098265982,0.1676180936085566,0.0008922073741032266
KLNVGDYFV,419,169,250,0.6031715976331361,0.46620644498216396,0.3753716932422311,0.3105665608039126,0.06480513243831848,0.48355029585798814,0.3877696630878898,0.13875495031498278,0.15040025987982517,-0.011645309564842388
SLFNTVATLY,112,38,74,0.6020625889046941,0.4153050089159086,0.39541422262003545,0.34614322699505734,0.04927099562497811,0.5768136557610242,0.4207610087095196,0.1947750509839113,0.1586145556219939,0.0361604953619174
IVDTVSALV,132,44,88,0.6009814049586777,0.39141531445761285,0.41154361042109405,0.33120850336060603,0.08033510706048802,0.5327995867768595,0.36429658763724215,0.1522241401213581,0.14195374020015483,0.010270399921203266
LSPRWYFYYL,500,250,250,0.600688,0.5734667460720695,0.3915273569822311,0.32407716473937037,0.06745019224286075,0.46678400000000003,0.49267229612058,0.09143872281463562,0.09728000006917636,-0.0058412772545407415
FWIDLFETIG,93,31,62,0.6004162330905307,0.383551064585297,0.303791954933155,0.2493274847285882,0.05446447020456677,0.45005202913631626,0.317638471306935,0.16133565738076164,0.18353297877606126,-0.02219732139529962
RQLLFVVEV,500,250,250,0.6002879999999999,0.5700444495590755,0.38306864705681803,0.32525639595650135,0.05781225110031668,0.445488,0.44791331910931803,0.15600008847430583,0.18963623863249268,-0.033636150158186856
TAFTIPSI,78,26,52,0.5998520710059172,0.39649717532562834,0.3016510514112619,0.26178073467543495,0.03987031673582697,0.6730769230769231,0.5029097177780599,0.18802315763269478,0.11241372963271837,0.07560942799997641
KRWIIMGLNK,243,81,162,0.5998323426306966,0.39840641599783816,0.382618754596254,0.3373193623250879,0.04529939227116608,0.6092059137326626,0.44024043387858547,0.16941524648957706,0.1188186533277132,0.050596593161863865
SSNVANYQK,264,88,176,0.5992381198347108,0.385475474649834,0.38914796557616105,0.3272117826696062,0.06193618290655484,0.47243026859504134,0.3076586322593262,0.055571989378544503,0.09320980183472996,-0.03763781245618546
TFYLTNDVSFL,111,37,74,0.5975164353542732,0.47886646003870353,0.4066259973757976,0.38429355334389853,0.022332444031899046,0.5262965668371073,0.41426907318846967,0.143785859401514,0.12505194256615093,0.018733916835363074
KTSVDCTMYI,225,75,150,0.5974222222222223,0.4569279566637072,0.4194603979587555,0.40471713185310365,0.014743266105651853,0.43457777777777773,0.3014068885254741,0.09580807244686487,0.12631182189323226,-0.030503749446367384
GMSRIGMEVTPSGTW,69,23,46,0.5945179584120983,0.43644331464322517,0.24932388183863266,0.2257426292028116,0.02358125263582106,0.43194706994328924,0.3267143200078375,0.14187250699362028,0.17140085520235437,-0.029528348208734095
QVPLRPMTYK,159,53,106,0.5939836240655036,0.37710532588291845,0.43814250264527665,0.3517119763682614,0.08643052627701525,0.5991456034175863,0.4173910785828443,0.18602118751183502,0.13358620663947013,0.052434980872364895
VAANIVLTV,114,38,76,0.5938365650969529,0.384667237132523,0.32956525624582644,0.2968952227383852,0.03267003350744124,0.5131578947368421,0.35784616354831317,0.15308707676013,0.147981834983643,0.005105241776486996
RFYKTLRAEQASQ,500,250,250,0.5933919999999999,0.5246731707015309,0.38931247520446777,0.3272208944465965,0.062091580757871245,0.9080480000000001,0.8987194725510639,0.4849310002333368,0.04375961835382057,0.4411713818795162
VVMSWAPPV,153,51,102,0.5932333717800846,0.4156662052954737,0.39981044828891754,0.37379583376733694,0.026014614521580604,0.6101499423298731,0.4549604295744493,0.1667185707631813,0.11974943337625911,0.0469691373869222
SNEKQEILGTVSWNL,500,250,250,0.592864,0.6196813038615142,0.4212251358032227,0.3928407575190067,0.028384378284215972,0.49657600000000013,0.4933834350597617,0.10056083161783318,0.10395114989785362,-0.0033903182800204407
STLPETAVVRR,500,250,250,0.5926879999999999,0.5465027541494526,0.3038884594291449,0.25175774697773157,0.05213071245141332,0.47016,0.4899199718674452,0.13072201912661013,0.1431787141871173,-0.012456695060507172
YYRRATRRIR,81,27,54,0.5925925925925926,0.46155550205636153,0.3747502090754332,0.35996935944314357,0.01478084963228965,0.48079561042524005,0.3138685250056259,0.08661076893784209,0.11929499604344461,-0.03268422710560252
FVDGVPFVV,500,250,250,0.59256,0.5508566753381089,0.34014852929115297,0.29058460633456706,0.049563922956585904,0.559008,0.5432322458272651,0.14062994039412297,0.12052006519938016,0.020109875194742804
LLDFVRFMGV,108,36,72,0.5895061728395061,0.3975260968222761,0.3653120725519127,0.3256408302113414,0.039671242340571344,0.5027006172839505,0.3831593552962962,0.14101180224113502,0.128915608592504,0.012096193648631015
NYSGVVTTVMF,114,38,76,0.5865650969529086,0.374110961974782,0.40868142325627177,0.3456599372561629,0.06302148600010887,0.4799168975069252,0.3141356144546652,0.09328446469666424,0.1267664858559759,-0.033482021159311676
VPHVGEIPVAYRKVLL,500,250,250,0.5864159999999999,0.5838845087000838,0.24298142927885055,0.21960934627056122,0.02337208300828933,0.505632,0.4963835529977473,0.126281110270442,0.13444024172438845,-0.00815913145394645
SMWSFNPETNIL,449,199,250,0.5855075376884422,0.4907403769185832,0.4128955942602014,0.3895327705144882,0.02336282374571319,0.5621306532663317,0.48008684020585474,0.13832409490693756,0.11861232363731505,0.019711771269622508
TEILPVSMTK,69,23,46,0.5850661625708884,0.39218113732905524,0.3957266289254893,0.31830125247411756,0.07742537645137176,0.5888468809073724,0.3936949735243114,0.17905110031690286,0.1602837686066224,0.018767331710280444
FLCMKALLL,406,136,270,0.5843137254901961,0.3894905601508588,0.3647215944879195,0.33563130058313684,0.029090293904782683,0.4946078431372549,0.3468817141201291,0.1265915151092526,0.12790724623186248,-0.0013157311226098811
SGPLKAEIAQRLED,191,64,127,0.5835383858267718,0.44616444719593934,0.37589046289213,0.35620137274734615,0.019689090144783872,0.41240157480314965,0.29533326958237377,0.10303602085590313,0.14112954570158562,-0.038093524845682486
FEDLRVLSF,135,45,90,0.5829629629629629,0.3940817388115208,0.3768567873371972,0.3325562086370256,0.04430057870017157,0.48320987654320985,0.31471513041374466,0.08126732736515502,0.09902740601454967,-0.017760078649394648
AVFDRKSDAK,500,250,250,0.582704,0.549252490318297,0.3972791432067752,0.35907773549761623,0.038201407709158974,0.543968,0.5386385898307537,0.15349846371309142,0.13200003368032048,0.021498430032770938
TSNQVAVLY,225,75,150,0.5824444444444444,0.4410492154634624,0.4626468082269033,0.45303724964459735,0.009609558582305944,0.5184,0.39854153672872483,0.15265455679977702,0.132096654595971,0.020557902203806017
IPSINVHHY,419,140,279,0.5791090629800308,0.44418217910983443,0.37928446967686924,0.3287036968027926,0.05058077287407664,0.48102918586789556,0.32648832764237107,0.11168331084151058,0.12751257337698685,-0.01582926253547627
FEDLRLLSF,129,43,86,0.5784207679826934,0.36640740790266624,0.3738025811522506,0.33588820500949096,0.037914376142759665,0.5037858301784748,0.35429194203542813,0.09594625034261235,0.10244869632695316,-0.006502445984340813
KRWIILGLNK,500,250,250,0.5771040000000001,0.5675114545505081,0.3677686797529459,0.3252213123589754,0.042547367393970525,0.49424,0.5079905030282186,0.16736480120691705,0.16918359688390047,-0.0018187956769834257
FVRATATIPI,87,29,58,0.574910820451843,0.41898732483266965,0.3764281324271498,0.3705151944324888,0.005912937994660972,0.5428061831153389,0.40853778930087087,0.0973964073988288,0.07437915156891715,0.02301725582991164
GPGHKARVL,216,72,144,0.5745563271604939,0.42208530284860313,0.39777845920373994,0.349263766547665,0.04851469265607494,0.45524691358024694,0.3029841906145483,0.10078884100924926,0.12088136908583477,-0.020092528076585514
SYFIASFRLFA,469,219,250,0.5736986301369862,0.5509915394190747,0.38575921666948765,0.3725795206427574,0.013179696026730248,0.5425570776255708,0.48741599622909426,0.21956740893521168,0.20086923795985057,0.01869817097536111
CTELKLSDY,252,82,170,0.5733142037302725,0.36550285296842006,0.4010749488342099,0.35567502361886644,0.04539992521534347,0.5337159253945482,0.3401377702725387,0.1401910586843392,0.13716795301986756,0.0030231056644716425
IIKDYGKQM,135,45,90,0.5708641975308641,0.41855618843390685,0.36298182573583393,0.3261782897843255,0.036803535951508426,0.6844444444444444,0.5616533314914165,0.3266207476870881,0.17056725067976983,0.15605349700731827
AQALNTLVKQL,75,25,50,0.5704,0.4015095591365744,0.4441933298110962,0.4339824894070625,0.010210840404033694,0.43439999999999995,0.3107844241488899,0.13745905043557285,0.16624934915511402,-0.02879029871954117
SPRWYFYYL,467,218,249,0.5694521204082386,0.47880383606672716,0.362248912684346,0.3134993979497906,0.04874951473455541,0.47785637964702854,0.4634919242852259,0.06132115681540144,0.06184168862776245,-0.0005205318123610095
GILGFVFTL,500,250,250,0.569376,0.6805450491879106,0.644412703037262,0.6323610564470291,0.012051646590232834,0.6429119999999999,0.7019400612039293,0.31378535634155197,0.10138568603867315,0.21239967030287882
FEDLRVSSF,102,34,68,0.564446366782007,0.441123591978111,0.3831515662810382,0.35242728078190017,0.030724285499138027,0.583044982698962,0.3950789447054282,0.07090895706174984,0.061068809105396374,0.009840147956353462
RARSVSPKLFIR,117,39,78,0.5644312952005259,0.4016105654859686,0.4087331501337198,0.39766459262523896,0.011068557508480847,0.5170940170940171,0.3265837025202645,0.1250064069654385,0.167795334539869,-0.04278892757443051
LITLATCELYHYQECV,500,250,250,0.563712,0.5605406249887848,0.3474151363968849,0.33118976703286174,0.01622536936402319,0.552512,0.5374578458837198,0.14813407107492957,0.12443116984794753,0.023702901226982043
DRFYKTLRAEQASQEV,117,39,78,0.5624589086127547,0.35038244493976944,0.3674736703053499,0.3044803364811322,0.06299333382421768,0.7859960552268246,0.6148326187413563,0.1678755182258614,0.05037870732403799,0.1174968109018234
SEVGPEHSLAEY,500,250,250,0.56064,0.5492274210028121,0.2664282805621624,0.2507595851123333,0.015668695449829073,0.483328,0.4827530793523922,0.14781561991475609,0.16235569651147433,-0.014540076596718243
HTDFSSEIIGY,117,39,78,0.5604865220249836,0.38914736483153495,0.42646248371173173,0.4124314450682738,0.01403103864345795,0.5736357659434582,0.36470268523199684,0.17966289468182742,0.16318158073234093,0.016481313949486487
LQFAYANRNRFLY,201,67,134,0.559590109155714,0.3639388159987409,0.4235902353009181,0.4068369417826631,0.016753293518254997,0.44932056137224324,0.2933120141153521,0.0434327126078798,0.09335822180224011,-0.04992550919436031
AELAKNVSLDNVL,500,250,250,0.558832,0.551947068815178,0.45879549205303194,0.4423055656552315,0.016489926397800447,0.44598400000000005,0.4491971951558257,0.13959835302882947,0.18045217746651462,-0.04085382443768515
GYQPYRVVVLSF,443,193,250,0.5585699481865285,0.46432147387992007,0.42472191957920946,0.41025060760974885,0.01447131196946061,0.44462176165803113,0.39940736054471504,0.14596168552906857,0.16947973141807599,-0.02351804588900741
PKYVKQNTLKLAT,500,250,250,0.557168,0.5495082559641395,0.34459337156265973,0.32340393068641426,0.02118944087624547,0.543872,0.5726124638507557,0.16820335056727095,0.13150550800632482,0.03669784256094613
AYAQKIFKI,128,43,85,0.5570451436388508,0.3634355893032213,0.38880739898182626,0.3537255968898535,0.03508180209197276,0.3980848153214775,0.29550983877199377,0.12910368194107028,0.16794796683103308,-0.038844284889962805
SSTFNVPMEKLK,78,26,52,0.5562130177514792,0.43294531853958984,0.44421482430054593,0.424638532102108,0.019576292198437928,0.4681952662721893,0.33082150211782707,0.0827170631626079,0.09385700632885975,-0.011139943166251845
ALRKVPTDNYITTY,500,250,250,0.5547839999999999,0.555052875896838,0.3615905948877335,0.3482969006001949,0.013293694287538571,0.42140799999999995,0.4457240743997601,0.10459373464026431,0.13396876844168581,-0.029375033801421507
NEGVKAAW,386,129,257,0.5537658733749585,0.36839282561805564,0.4083312180384185,0.3694802761867874,0.03885094185163107,0.45277953729677556,0.30282094858074465,0.08993888020109427,0.10883264901873077,-0.018893768817636505
NLDSKVGGNY,162,54,108,0.553326474622771,0.34788987066933286,0.41458130020786216,0.39676598535367735,0.017815314854184805,0.4675925925925926,0.3029621462080865,0.12904655068457402,0.16108143904838707,-0.03203488836381305
TPGPGVRYPL,246,82,164,0.5533164782867341,0.40370764139702564,0.36851454126398736,0.32962610438556933,0.03888843687841803,0.6789857227840571,0.5150403593633135,0.26061812101681603,0.15124719105576176,0.10937092996105427
AMERNAGSGIIISDT,90,30,60,0.55,0.3622243788847408,0.3817043783764044,0.3512644379322107,0.030439940444193736,0.49999999999999994,0.35216704379121194,0.10477315905972849,0.10785893543079238,-0.0030857763710638864
FGEVFNATRFASVY,500,250,250,0.549904,0.5522914029312935,0.33178393632173536,0.3245739182531834,0.007210018068551982,0.46507199999999993,0.48647966246605184,0.15776001481944696,0.17040586212929337,-0.012645847309846414
IVTDFSVIK,500,250,250,0.5489280000000001,0.5191827512409424,0.2998692141622305,0.2795474086254835,0.020321805536747006,0.482944,0.4826485823866169,0.11256224271061364,0.12637980565708495,-0.01381756294647131
KEIDRLNEV,180,60,120,0.5476388888888888,0.36262379883970675,0.3649051360785961,0.3503382665415605,0.01456686953703562,0.5152777777777777,0.37132829843239706,0.14597219341805534,0.14111688681720505,0.00485530660085029
FLKEKGGL,477,159,318,0.5465567026620782,0.3472743503204272,0.3961421275663676,0.3448643347295294,0.0512777928368382,0.4820418496103794,0.3257607661801577,0.12986903431109834,0.135615832799365,-0.0057467984882666745
FTYASALWEI,66,22,44,0.546487603305785,0.4033636843488356,0.37343280897899106,0.3473527217283845,0.026080087250606565,0.5526859504132231,0.4219467504670057,0.10659241689869635,0.08002252664331619,0.02656989025538016
LPRWYFYYL,108,36,72,0.5451388888888888,0.38733043436005715,0.35881362814042306,0.32947068966718185,0.02934293847324121,0.34915123456790126,0.27883152998652194,0.11259666192806132,0.1775904245149541,-0.06499376258689278
VLPFNDGVYFASTEK,500,250,250,0.54248,0.5337211174617074,0.3772077266573906,0.3722459397017956,0.004961786955595016,0.520624,0.4990927891227305,0.16000188618934044,0.15935211740492378,0.0006497687844166655
AEIRASANLAATK,319,107,212,0.5422324105096104,0.3824677704371678,0.24557950278030377,0.23372105649619732,0.011858446284106455,0.5468171398342444,0.37953759750545835,0.1138006256340296,0.0956002480805554,0.0182003775534742
LLHGFSFYL,111,37,74,0.5409057706355004,0.34447592546527417,0.38531386852264404,0.33797554294201165,0.04733832558063239,0.4357195032870709,0.3611940883933054,0.15332368651178438,0.16904862055171915,-0.015724934039934774
RLGPYLEFL,69,23,46,0.5406427221172023,0.3440757688757527,0.34932377610517584,0.3329131689084613,0.016410607196714555,0.5595463137996219,0.4202763659505334,0.15879245389900778,0.12711211726444005,0.031680336634567735
FLASKIGRLV,120,40,80,0.5371875,0.41268290667004404,0.41252925172448157,0.36361245340667664,0.04891679831780493,0.5218750000000001,0.3576213725843964,0.1448789461679553,0.14161920198432604,0.0032597441836292596
KQIYKTPPIKDF,69,23,46,0.5349716446124764,0.4235424736511795,0.3698467644660369,0.35405945065228833,0.015787313813748594,0.45935727788279773,0.35260288765532455,0.14199592586120832,0.15907944599166512,-0.017083520130456803
IQYIDIGNY,419,169,250,0.5349112426035503,0.427774020892653,0.40606447913237576,0.39151172965765,0.014552749474725735,0.5489467455621302,0.4498181399087385,0.16067577676438252,0.13450002374127734,0.02617575302310518
KPFERDISTEIY,395,132,263,0.5348254407189769,0.3892816631720025,0.38334116791233874,0.3735256834741781,0.00981548443816066,0.5419403157045743,0.3754411054540843,0.16648770346584957,0.14285104373964078,0.023636659726208792
RSVASQSIIAYTMSL,500,250,250,0.5345920000000001,0.5063851533946069,0.41818753761053085,0.40866700172424314,0.009520535886287707,0.518688,0.5119762512287882,0.12486300345380107,0.12428550162429555,0.000577501829505514
LTDEMIAQY,392,131,261,0.5326547921967769,0.3730685939782026,0.3904017853827877,0.36783190334922283,0.02256988203356486,0.47325319528530896,0.3424117256829424,0.12676009039024871,0.12969556790801517,-0.0029354775177664605
IMNDMPIYM,168,56,112,0.5325255102040817,0.38462015676239636,0.41393301103796276,0.3836968243953639,0.03023618664259886,0.5065369897959184,0.3964343761052591,0.12116499346094704,0.11210793648189307,0.00905705697905397
ALSPVIPHI,66,22,44,0.5320247933884297,0.39379584394925105,0.3783637420697646,0.3665557916868817,0.011807950382882904,0.5774793388429752,0.50753693871916,0.19811733239012855,0.14526464432988592,0.052852688060242625
QARQMVQAMRTIGTHP,368,124,244,0.5312004230565838,0.35686477299212094,0.31103091686964035,0.30303089858078563,0.008000018288854716,0.5689780539397143,0.4221965462548668,0.14568151713519323,0.09059201535751503,0.0550895017776782
STDTGVEHVTFFIYNK,493,243,250,0.5298436213991771,0.5038874294922875,0.43205413608639326,0.4236603575348854,0.008393778551507858,0.5370041152263375,0.5183828718394387,0.14830104059964144,0.13182632816599926,0.01647471243364218
HVTYVPAQEKNF,195,65,130,0.5271005917159763,0.36584196860033324,0.3357637694248786,0.33298080632319815,0.002782963101680469,0.5095857988165681,0.3424191711317939,0.15918846584413238,0.15893906412664086,0.00024940171749152085
RPPIFIRRL,192,64,128,0.52685546875,0.3393734142442166,0.3585866730136331,0.32334805723803584,0.03523861577559728,0.4814453125,0.33093537063454975,0.06540846869313555,0.07273173031726543,-0.007323261624129884
VFITLCFTLK,318,106,212,0.5266998932004272,0.38199495985017673,0.3739692990509969,0.3658673911935316,0.008101907857465285,0.5420968316126735,0.3959192197282457,0.16198211518314806,0.13913474588045513,0.022847369302692933
NRDVDTDFVNEFYAY,500,250,250,0.526368,0.5094692703843995,0.347869161978364,0.33899765932559967,0.008871502652764318,0.480272,0.4859126818792535,0.1441717521313403,0.1602835948143329,-0.016111842682992594
QYIKWPWYI,111,38,73,0.5259552992069214,0.385756744951391,0.3969249497903021,0.37342621352880784,0.023498736261494235,0.5868781542898343,0.4077699019287637,0.16681801297358775,0.13727756256830867,0.029540450405279084
TTDPSFLGRY,500,250,250,0.5256479999999999,0.5004559749494008,0.28608508192002774,0.27945055313408373,0.006634528785944005,0.500544,0.4911937022066236,0.12066359094771906,0.12915409069149975,-0.008490499743780688
YTMADLVYAL,466,216,250,0.5252962962962963,0.5060073474438391,0.40448150659600896,0.39883542120456694,0.005646085391442013,0.5020185185185185,0.4569229807419012,0.11495753349434515,0.11775269757048226,-0.0027951640761371133
APHGVVFLHVTYV,494,244,250,0.5234262295081967,0.5045190833775595,0.3345796893213372,0.3310280152410269,0.0035516740803103186,0.5326393442622951,0.5212232293158774,0.1258063756373885,0.11374785180555773,0.012058523831830772
DLPIGINITRFQTL,270,90,180,0.5232098765432098,0.37354401789798636,0.19206874411967065,0.18558082015564045,0.0064879239640301956,0.4799382716049383,0.3414904085282163,0.14197275099092319,0.14723782214180878,-0.005265071150885592
VQELYSPIFLIV,500,250,250,0.52296,0.5320055884798278,0.38456369122862816,0.38130434158444404,0.0032593496441841174,0.443456,0.46059063622433083,0.09540542293767879,0.12664226024644812,-0.031236837308769333
GNYTVSCLPFTI,426,176,250,0.5229090909090909,0.4356029671505995,0.3449035090478984,0.33495683905482293,0.009946669993075474,0.47952272727272727,0.4151862861214768,0.16629305762431945,0.17219039448315743,-0.005897336858837976
LLQTGIHVRVSQPSL,500,250,250,0.522544,0.49119157281166625,0.3710308329463005,0.33972185059450566,0.031308982351794856,0.492912,0.4802403029989776,0.14492947564207134,0.15997815390310643,-0.015048678261035092
ALYGFVPVL,96,32,64,0.5224609375,0.35444696089253236,0.38207189831882715,0.35212859448074596,0.029943303838081192,0.66162109375,0.4915503294616368,0.25132647942518815,0.16848281390912234,0.08284366551606581
QECVRGTTVL,452,151,301,0.5212206552111065,0.3593258543725991,0.38307959275529874,0.3795222607054485,0.003557332049850259,0.4823656245187125,0.333929742114367,0.11499364429318872,0.11964943161958061,-0.004655787326391894
RLRAEAQVK,500,250,250,0.520128,0.5011787219224959,0.3141438809633255,0.2986276677325368,0.015516213230788722,0.507536,0.5157430156036377,0.1938634562721709,0.18986058241362844,0.0040028738585424495
GLIYNRMGAVTTEV,362,121,241,0.5198038476046775,0.337300561111182,0.3410999036648057,0.3373814681506256,0.0037184355141801073,0.5277253866465484,0.36033844913758584,0.23489266814238755,0.2202711639835507,0.01462150415883684
KFPRGQGVPI,138,46,92,0.5193761814744802,0.35228602866544567,0.3429157965533111,0.34248364368534606,0.00043215286796505215,0.46928166351606815,0.3532553059757304,0.15087984172176852,0.15542169279852597,-0.004541851076757447
CLGGLLTMV,361,29,332,0.5176568342334857,0.07981136300536544,0.37030798710625745,0.3672146492312292,0.003093337875028246,0.5733277939343582,0.09963733490281619,0.17002644723859325,0.15088565388836303,0.019140793350230223
NQKLIANQF,394,132,262,0.5163659495720565,0.34977638439013775,0.3780241584348859,0.36674785979433366,0.01127629864055224,0.5786490862826741,0.39311969937657765,0.1347227491730309,0.1090180415574942,0.025704707615536698
IVGVALLAVF,105,35,70,0.5146938775510204,0.3483244804498611,0.2554160150034087,0.2575869214321886,-0.002170906428779873,0.496734693877551,0.33849758952407927,0.1296230662830307,0.136053017832871,-0.0064299515498403015
ATEGALNTPKDHI,303,101,202,0.5145573963336928,0.33977204322796695,0.30787786052073585,0.3019243385827187,0.005953521938017126,0.5337221840995982,0.3587593486479861,0.1536333087306453,0.14197721654932138,0.011656092181323907
SYQTQTNSPRRARSVA,247,83,164,0.5132236262121658,0.38642827775187333,0.3698761714510171,0.36333284545235517,0.00654332599866192,0.5204231560387893,0.33538799613257064,0.07272433396632776,0.0892451940768822,-0.01652086011055444
RTQSPRRR,301,51,250,0.5130588235294118,0.2013572734274551,0.3659651520132434,0.35572873389720916,0.010236418116034263,0.4954509803921569,0.18017472904096793,0.11399248176010088,0.11312499002650953,0.0008674917335913523
SPFHPLADNKFAL,498,248,250,0.5130322580645161,0.49609433345736853,0.4105046839723664,0.4061240808367729,0.004380603135593464,0.4386451612903226,0.46170662377243676,0.10422736982650312,0.12771368463065846,-0.023486314804155348
CYTWNQMNL,63,21,42,0.5124716553287982,0.3602006744173831,0.4044447257405236,0.36800563969605027,0.03643908604447332,0.4931972789115646,0.38443940811310684,0.16490511302392752,0.1572668385193711,0.007638274504556425
MGYINVFAFPFTIYSL,500,250,250,0.511536,0.5068674971029805,0.30098257058858874,0.29961733269691465,0.001365237891674087,0.42123199999999994,0.45001669356809515,0.10567620743485168,0.13258948244253407,-0.026913275007682397
EHPTFTSQYRIQGKL,180,60,120,0.508888888888889,0.362070293775521,0.3412420372168223,0.32441622534145914,0.01682581187536314,0.6041666666666666,0.4039097392658815,0.18598245657722146,0.13999025718937144,0.045992199387850013
IPIQASLPF,322,108,214,0.5086535133264106,0.3355122560647761,0.25763987094439844,0.2583732954531072,-0.0007334245087087798,0.5453876773970232,0.3847951906127928,0.16242974714690786,0.1439384399475606,0.018491307199347273
EILDITPCSF,226,76,150,0.5080701754385964,0.3284855396260179,0.3731518207412017,0.36902869164943697,0.00412312909176471,0.5714035087719298,0.43135149046623,0.192464823187708,0.15300921676234186,0.039455606425366135
GMEVTPSGTWLTY,500,250,250,0.505936,0.5084359328989044,0.36029401421546936,0.35531621203199026,0.004977802183479096,0.5496,0.5332824811428885,0.14255305800963539,0.12657451583136572,0.01597854217826966
VLPPLLTDEMIAQYT,500,250,250,0.502128,0.48000622715711355,0.47326316773891447,0.4709478136301041,0.002315354108810397,0.45968,0.48682054473073233,0.1310768585836122,0.14286767894105185,-0.01179082035743964
KPLEFGATSAAL,500,250,250,0.49998400000000004,0.5064566319259243,0.27154363521933556,0.2695419322252274,0.0020017029941081788,0.49579199999999995,0.5095214038779898,0.10716376422197396,0.10465181742396452,0.0025119467980094373
LLLDDFVEII,500,250,250,0.49984,0.48974729568097153,0.3316636475287378,0.32988051507622,0.001783132452517766,0.489888,0.5135016228574008,0.1187771050087249,0.11589122858351038,0.002885876425214526
LITGRLQSLQTYV,500,250,250,0.49968,0.5171883047769968,0.3863737866282463,0.3856717651933432,0.0007020214349031106,0.494448,0.4848772399825504,0.10054687559399163,0.11623602414755635,-0.015689148553564722
FLCLFLLPSLATV,494,244,250,0.4989262295081967,0.5009417988712155,0.38741734153667434,0.3920926292464137,-0.004675287709739351,0.48455737704918034,0.494940064907052,0.10640219561437483,0.10899134689988568,-0.002589151285510849
AIAMACLVGLM,261,87,174,0.49808429118773945,0.3307092641278029,0.3891540971295587,0.39177911034945784,-0.002625013219899164,0.5638789800502048,0.37978243031552306,0.12040693164637832,0.10092579503437045,0.01948113661200787
HTTDPSFLGRY,500,250,250,0.49755200000000005,0.5151059599112204,0.35374701708555223,0.3533501752018929,0.000396841883659349,0.46398399999999995,0.5031321331324243,0.14749460088077468,0.15373485037195497,-0.006240249491180294
FAFACPDGVKHVYQL,330,110,220,0.4969834710743802,0.31479740249828003,0.37287689129059964,0.3707299049774354,0.002146986313164234,0.46913223140495874,0.3228268720651056,0.14272506885625427,0.15917644187347185,-0.01645137301721758
VYSSANNCTFEY,438,147,291,0.4965518853589546,0.35281495761911097,0.4113385811143992,0.4057574212755944,0.005581159838804806,0.5029338195759403,0.3307491233176427,0.07886051161685474,0.09916924372116753,-0.02030873210431279
KAYNVTQAF,500,250,250,0.4956959999999999,0.4841369884125528,0.3426613176465034,0.34007868430018423,0.0025826333463191964,0.49305599999999994,0.4912979780708113,0.07060952035721366,0.08234266475954928,-0.011733144402335624
TVLSFCAFAV,500,250,250,0.494656,0.49738458520571627,0.36107283520698547,0.3593356298059225,0.00173720540106298,0.38788800000000007,0.45331917534349797,0.09845213439957774,0.12181032290171516,-0.023358188502137417
LPPAYTNSF,414,139,275,0.4942838456507521,0.31234002828354945,0.31806263713527927,0.31654592407020654,0.0015167130650727279,0.5168345323741007,0.34809503753963916,0.14403777334666437,0.14167655494418732,0.00236121840247705
YVVDDPCPIHFY,498,248,250,0.4940161290322581,0.4912925905546664,0.3867229566638989,0.38701249146461486,-0.0002895348007159737,0.5311774193548388,0.5115794905825115,0.1162815478593632,0.11291263910243927,0.00336890875692393
VLHSYFTSDYYQLY,500,250,250,0.49241599999999996,0.5009058151848343,0.4063574520945549,0.40833160254359246,-0.0019741504490375372,0.505328,0.5110517468028969,0.13494714698195456,0.1302174303054344,0.004729716676520168
GERQNATEIRASVGK,60,20,40,0.4875,0.3491723830627892,0.22558834441006184,0.22979279290884733,-0.004204448498785485,0.56125,0.42766640436727016,0.2076746390433982,0.17858393414062448,0.029090704902773712
LPAADLDDF,405,135,270,0.4862551440329218,0.32014302931682326,0.29813555545277065,0.3013999656394676,-0.003264410186696931,0.532071330589849,0.38203030691599305,0.17616667318279386,0.14650568948633952,0.02966098369645434
LQIPFAMQMAY,69,23,46,0.4848771266540643,0.3719367096599364,0.36096223281777423,0.36705917703068774,-0.006096944212913513,0.46502835538752363,0.3382254729095122,0.12336587677481989,0.13684449383372735,-0.01347861705890746
RNPANNAAIVL,500,250,250,0.479664,0.49658869717507215,0.38678553175926206,0.3870028994977474,-0.0002173677384853523,0.511888,0.5185104596699878,0.11243072297190863,0.10494036472233306,0.007490358249575571
AQFAPSASAFFGMSR,446,149,297,0.4793121370302579,0.31238883339663165,0.3271563545669485,0.3316996188627349,-0.004543264295786387,0.46973086570402006,0.34130627593898,0.11193578606542942,0.10406851828036381,0.007867267785065607
APKEIIFLEGETL,500,250,250,0.47761600000000004,0.49875772590258527,0.39688501417636873,0.39570685487985613,0.0011781592965126042,0.521712,0.5224563198127177,0.1551775923406036,0.14484173735355943,0.010335854987044174
TVATSRTLSYYK,455,152,303,0.47633315963175266,0.31918597815789207,0.413179497969778,0.4152119469032823,-0.002032448933504294,0.45538040646169875,0.3301016944924679,0.09654896935646842,0.10248709184047385,-0.005938122484005423
STQDLFLPFF,228,76,152,0.4741170360110803,0.32591272005758226,0.3091011282644774,0.31189940855103104,-0.002798280286553656,0.5412915512465375,0.3972020977460911,0.1559394696124777,0.11950360592986965,0.03643586368260805
SELVIGAVIL,500,250,250,0.47350400000000004,0.4829360906143323,0.33059879711270335,0.3349224491417408,-0.00432365202903745,0.5122399999999999,0.5140748765945652,0.1760073155132868,0.1690333381083474,0.006973977404939408
NPLLYDANYFLCW,500,250,250,0.473296,0.4742464699803531,0.3544372466802597,0.35687991562485694,-0.002442668944597215,0.525776,0.5266819212110155,0.14134234064621323,0.12916540951603064,0.012176931130182589
SEISMDNSPNL,307,103,204,0.4727298686464877,0.3049340911608015,0.33221619626850757,0.3387176112874466,-0.006501415018939027,0.5377403388539883,0.3641433113591359,0.17621372595012033,0.16346384513160162,0.012749880818518716
AYILFTRFFYV,416,139,277,0.4726904397059969,0.32247493082382617,0.3551403786853063,0.3597583180622934,-0.0046179393769871235,0.48811780900189594,0.3197996411485885,0.17823954697249444,0.18528486037077516,-0.0070453133982807115
RVAGDSGFAAY,72,24,48,0.4722222222222222,0.30595626301358136,0.38690922781825066,0.3733989348790298,0.013510292939220847,0.3211805555555556,0.2714764672694824,0.09308340840470919,0.1576033966121031,-0.06451998820739391
MDLFMRIFTI,171,57,114,0.4701446598953524,0.3260734739587459,0.3821288775979427,0.38679572802625206,-0.004666850428309388,0.5315481686672822,0.431753060029685,0.18961445978238134,0.17083781254334832,0.018776647239033023
WICLLQFAY,500,250,250,0.467456,0.4788547984440749,0.36655000638961793,0.3762515546679497,-0.00970154827833175,0.5262399999999999,0.5186469417704614,0.1319150708862178,0.12455021798120254,0.007364852905015248
GDAALALLLLDRLNQL,500,250,250,0.46643199999999996,0.48636994497111924,0.34096931940317154,0.34632502649724484,-0.005355707094073292,0.47380800000000006,0.48800174836259136,0.15791012513233,0.16937082370798454,-0.011460698575654543
ITEEVGHTDLMAAY,430,180,250,0.4652444444444444,0.40310880995824494,0.36922970012658174,0.37246576438844203,-0.003236064261860294,0.5214222222222222,0.4224975746721771,0.12817289721990366,0.12958288248928876,-0.0014099852693851
LEPLVDLPI,500,250,250,0.46419199999999994,0.4975313343882695,0.29555290031433107,0.306456035643816,-0.010903135329484948,0.538496,0.5231965252690209,0.11985297569159412,0.10976065611906233,0.010092319572531788
VEAEVQIDRLITGR,484,163,321,0.4620530168377195,0.31383646368602097,0.3497551197837467,0.3582036821316707,-0.008448562347924016,0.5207843586950289,0.35509097335977247,0.12443638721176349,0.11427306097454507,0.010163326237218426
HLRIAGHHLGR,117,39,78,0.46153846153846156,0.3267796092867223,0.3607935231083479,0.36951905594040185,-0.008725532832053962,0.5039447731755424,0.36608946779889034,0.17089924569695425,0.15646775178491878,0.014431493912035465
ITLKKRWQLAL,119,40,79,0.46107594936708857,0.3259887623700744,0.4257550694048405,0.4262166483492791,-0.0004615789444386009,0.4262658227848101,0.287489451882672,0.1613007238251157,0.2026746016477612,-0.04137387782264548
DPFRLLQNSQVFS,305,102,203,0.460349657104221,0.29973364439013667,0.37036888732337486,0.37300763738896753,-0.0026387500655926655,0.49420457838307735,0.3400953466099885,0.12212677992932845,0.12275080754428247,-0.0006240276149540175
YEQYIKWPWYI,500,250,250,0.45592,0.4567531554729754,0.3611072179377079,0.3710755479633808,-0.009968330025672933,0.5502719999999999,0.542383074635304,0.16855067447319744,0.14396254981259698,0.024588124660600452
YFPLQSYGF,500,250,250,0.45398399999999994,0.4690517912924852,0.2587914197742939,0.2712505429983139,-0.012459123224020041,0.48339199999999993,0.5105909119157915,0.1564075048199286,0.15500211281019802,0.0014053920097305828
IGAEHVNNSY,135,45,90,0.45012345679012344,0.3058844272664344,0.3950474394692315,0.4062572063671218,-0.011209766897890328,0.5138271604938272,0.338498204162898,0.17394300526809983,0.1722754622092149,0.0016675430588849183
NFIRMVISNPAAT,66,22,44,0.44421487603305787,0.3799587899665843,0.2822612902064892,0.3271633894817734,-0.04490209927528421,0.6002066115702479,0.4715860397837372,0.20780943223508075,0.1414362266472877,0.06637320558779305
EEHVQIHTI,398,133,265,0.44343878564335365,0.30177591992807873,0.29680607988870233,0.31181597847421216,-0.015009898585509829,0.5492126542772025,0.3630951687894754,0.1766621011809999,0.160423539040988,0.016238562140011903
NTNSSPDDQIGYY,239,80,159,0.4422955974842768,0.30169075099020787,0.28683368312194946,0.30433132560373105,-0.017497642481781595,0.5534591194968552,0.3800493358558332,0.1063406044109044,0.09085155973265423,0.015489044678250172
FTISVTTEIL,448,198,250,0.4406262626262626,0.41948322058547016,0.40224797963494,0.4121668889224529,-0.009918909287512878,0.5160808080808081,0.4628335098955209,0.12727832627849303,0.11916221970377956,0.00811610657471347
CTFEYVSQPFLM,446,196,250,0.43816326530612243,0.39662045645556226,0.3481499282453133,0.35952667900919916,-0.011376750763885835,0.4881428571428572,0.4286493446837719,0.16476538979712094,0.17296432821505003,-0.008198938417929097
AYKTFPPTEPK,500,250,250,0.43787200000000004,0.44655249711054296,0.3806286873817444,0.393374040722847,-0.012745353341102605,0.51816,0.5222087109723512,0.16818756438221316,0.15925839446787723,0.008929169914335927
VLQLPQGTTLPKGFYA,132,44,88,0.4369834710743802,0.29645335151690105,0.4061586944894357,0.40772061109204183,-0.0015619166026061282,0.5289256198347108,0.35359339887796676,0.15047681279776787,0.14309014553447758,0.007386667263290292
NYIAQVDVVNFNL,186,62,124,0.43314255983350675,0.32928582203146484,0.3030853062387436,0.31792743455979133,-0.014842128321047754,0.5053329864724245,0.3507393980130016,0.15887601695383988,0.15678363780851565,0.00209237914532423
RAKFKQLL,500,250,250,0.42758399999999996,0.44247436647222577,0.24813323131203652,0.26769605733081697,-0.019562826018780455,0.487808,0.5108202283114699,0.1280904940027085,0.11693493181930172,0.011155562183406784
ASQRVAGDSGFAAY,90,30,60,0.4255555555555556,0.32215889765577405,0.37633672207593916,0.3855305154497425,-0.009193793373803327,0.4872222222222222,0.3877096896908635,0.18878414253607237,0.15041150603642361,0.038372636499648755
TPINLVRDL,500,250,250,0.425056,0.4767379982803006,0.31357496431469917,0.3337390520274639,-0.020164087712764733,0.45300799999999997,0.48270820307844037,0.12178866877092515,0.13619527951655983,-0.01440661074563468
SETKCTLKSFTVEK,293,98,195,0.4221873364730508,0.2999163803620585,0.3186048887365935,0.33481328388055165,-0.016208395143958165,0.5570381998953428,0.42997537237123473,0.18946014932619304,0.14824996538197574,0.0412101839442173
TVYDPLQPELDSFK,126,42,84,0.4166666666666667,0.2925251528727216,0.3452874489483379,0.36977742576882955,-0.024489976820491643,0.5068027210884354,0.33329129555396764,0.1051278073105755,0.11577731544999842,-0.01064950813942292
VYYPDKVFRSSVLH,189,63,126,0.41635172587553543,0.29971487642376266,0.37863955705884905,0.3926782774783316,-0.014038720419482564,0.47921390778533635,0.3201105037228444,0.10709668399714348,0.12251283276955297,-0.015416148772409488
IPIGAGICASY,227,76,151,0.41434297664691533,0.3024886934755455,0.39117898223431485,0.41069959720831045,-0.019520614973995598,0.5074939003136981,0.3840085046507192,0.1315357571042066,0.11352906296490729,0.018006694139299298
YSVLYNSASFSTFK,84,28,56,0.41326530612244894,0.29814790087528387,0.34491593869669096,0.37004575106714455,-0.025129812370453586,0.44387755102040816,0.3098691507813004,0.05391693693364985,0.08212015902658923,-0.02820322209293938
RIFTIGTVTLK,261,87,174,0.4106222750693619,0.28860279859905813,0.33227114250947687,0.3506797931060709,-0.018408650596594023,0.45798652397938955,0.33648709350721023,0.16636041799980356,0.17704837926286363,-0.01068796126306007
VYSTGSNVFQTR,500,250,250,0.407568,0.4480181407684286,0.34985123786330224,0.37778801215440033,-0.027936774291098088,0.42022400000000004,0.45078122548137506,0.07955820245324724,0.11538296383315699,-0.03582476137990975
TLGVYDYLVST,158,53,105,0.4050314465408805,0.2839622443158053,0.3668910728872947,0.3824097543954849,-0.01551868150819019,0.5029649595687331,0.35039233393443686,0.14494104694320858,0.14387909498121648,0.0010619519619921025
VLFGLGFAI,176,59,117,0.4037375054324207,0.335272539529397,0.3668341218667515,0.3776344840979984,-0.010800362231246863,0.6482688686078517,0.5606034607166394,0.21979680145307348,0.0918452350657821,0.12795156638729138
KSWMESEFRVY,105,35,70,0.4024489795918367,0.2897544292928448,0.3287171389375414,0.3436480862753732,-0.01493094733783179,0.5575510204081633,0.40863839145442915,0.17098936374316542,0.11129556785546603,0.059693795887699394
YEDFLEYHDVRVVL,500,250,250,0.39814399999999994,0.4327785206366032,0.3436168338954449,0.37031831684708594,-0.026701482951641042,0.529424,0.5309930035261179,0.22410687599191442,0.20839064758573658,0.01571622840617784
YLQPRTFLL,500,250,250,0.39371200000000006,0.4239744385348262,0.3391881458163261,0.34346286703459916,-0.004274721218273048,0.468944,0.48570191164433796,0.11674878690965533,0.12925801164651057,-0.012509224736855243
GMFNMLSTVLGVS,78,26,52,0.3905325443786982,0.2891314040551983,0.32703405160170335,0.35534725660601485,-0.028313205004311504,0.34245562130177515,0.2701334072373579,0.06415848800455794,0.10611471453627858,-0.04195622653172064
FCNDPFLGVYY,385,129,256,0.39044331395348836,0.2841535750094602,0.3132167106797529,0.34083287946123164,-0.027616168781478767,0.5977470930232558,0.4221868557418052,0.1615537071281091,0.12298217957088298,0.03857152755722612
KMKDLSPRW,69,23,46,0.37901701323251413,0.2732299593475833,0.4210278327050416,0.4420950613591982,-0.021067228654156556,0.6153119092627599,0.4480600512649271,0.16209285088774303,0.11993407784346187,0.04215877304428116
FADDLNQLTGY,252,84,168,0.37563775510204084,0.2611057420502122,0.38438806044203894,0.40667769126594067,-0.02228963082390173,0.47356859410430835,0.3403795781522291,0.13600142090624667,0.13872720370614475,-0.0027257827998980744
CINGVCWTV,445,195,250,0.37520000000000003,0.3670779607835717,0.2946729570794373,0.3690520958881825,-0.0743791388087452,0.5239794871794872,0.4433575428078703,0.19201411434837493,0.18741568214195287,0.0045984322064220595
LQPFPQPELPYPQPQ,69,23,46,0.3714555765595463,0.317837288052008,0.1840435415506363,0.21289751144207042,-0.028853969891434128,0.5434782608695651,0.4584919702904623,0.17180571143778609,0.13933496899477651,0.03247074244300957
NLVPMVATV,500,250,250,0.36888,0.42883512177586175,0.5850492619872093,0.7256343456357718,-0.14058508364856248,0.526608,0.5521901376937923,0.22503498876957384,0.17339096709214663,0.05164402167742721
QELIRQGTDYKHW,319,107,212,0.35787339093634274,0.272251657190923,0.3633038386284748,0.3776553231730776,-0.014351484544602777,0.639217069299947,0.46895342504311543,0.22503293085806333,0.13799357378768448,0.08703935707037885
TLDSKTQSL,368,123,245,0.3561307449809192,0.2639970823602075,0.4267367117288636,0.4491712107038011,-0.02243449897493749,0.5418284386925502,0.4207309755872335,0.17730101000544404,0.14383634385832214,0.0334646661471219
RISNCVADY,87,29,58,0.3353151010701546,0.27033476898429243,0.4077955412453619,0.4360135094872836,-0.028217968241921743,0.4637336504161712,0.34396217264456735,0.19890580290992713,0.21258010503290029,-0.013674302122973159
ENPVVHFFKNIVTPR,77,25,52,0.2584615384615385,0.23092816733428934,0.1784289776533842,0.3743104563193181,-0.1958814786659339,0.6723076923076924,0.481407781532536,0.24579686922952532,0.15149931056657806,0.09429755866294726
FLPFFSNVTWFHAI,500,250,250,0.251072,0.3778840906552133,0.2736454254165292,0.44360159188508985,-0.16995616646856065,0.410416,0.4587543813631647,0.1045264569864803,0.1289538432819063,-0.024427386295425985
YYVGYLQPRTFLL,500,250,250,0.23665600000000003,0.35939357377382,0.3363967573940754,0.3933992934785783,-0.05700253608450295,0.506464,0.50925143516923,0.20395779729716015,0.19978861978959686,0.004169177507563293
LLFGYPVYV,341,91,250,0.23002197802197802,0.23620879369354872,0.34448714284123955,0.4879344212412834,-0.14344727840004384,0.5672967032967033,0.3085828002504456,0.16537134434930612,0.14230915278516476,0.023062191564141354
IHSLLDEGKQSLTKL,210,68,142,0.1826843413421707,0.21762009308925973,0.10595431932083824,0.2969305763335925,-0.19097625701275425,0.528893951946976,0.4252457756725195,0.1994158106719579,0.1632983791225829,0.036117431549374995
GVYATRSSAVRLR,95,32,63,0.16021825396825398,0.22244020227240532,0.06348561053164303,0.3073026423179914,-0.2438170317863484,0.13640873015873017,0.21144459127094672,0.011623258880579357,0.07858770119849988,-0.06696444231792052
GIVEQCCTSICSLYQ,221,74,147,0.08154072439786726,0.20111118157212732,0.03886762890662696,0.3290541114437641,-0.29018648253713714,0.3736900165471594,0.2673240810031683,0.12679075557383152,0.18860379777610817,-0.06181304220227665
